timeStamp,elapsed,label,responseCode,responseMessage,threadName,dataType,success,failureMessage,bytes,sentBytes,grpThreads,allThreads,URL,Latency,IdleTime,Connect
1731425005915,20,HTTP Request,200,,Users 1-38,text,true,,4221,271,39,39,http://localhost:9494/VehicleRegistration/,4,0,2
1731425005789,146,HTTP Request,200,,Users 1-20,text,true,,4221,271,39,39,http://localhost:9494/VehicleRegistration/,117,0,71
1731425005915,5,HTTP Request-0,302,,Users 1-38,,true,,168,135,39,39,http://localhost:9494/VehicleRegistration,4,0,2
1731425005789,131,HTTP Request-0,302,,Users 1-20,,true,,168,135,39,39,http://localhost:9494/VehicleRegistration,117,0,71
1731425005923,12,HTTP Request-1,200,,Users 1-38,text,true,,4053,136,39,39,http://localhost:9494/VehicleRegistration/,12,0,0
1731425005925,10,HTTP Request-1,200,,Users 1-20,text,true,,4053,136,39,39,http://localhost:9494/VehicleRegistration/,10,0,0
1731425005833,103,HTTP Request,200,,Users 1-34,text,true,,4221,271,39,39,http://localhost:9494/VehicleRegistration/,73,0,31
1731425005833,87,HTTP Request-0,302,,Users 1-34,,true,,168,135,39,39,http://localhost:9494/VehicleRegistration,73,0,31
1731425005925,11,HTTP Request-1,200,,Users 1-34,text,true,,4053,136,39,39,http://localhost:9494/VehicleRegistration/,11,0,0
1731425005776,162,HTTP Request,200,,Users 1-27,text,true,,4221,271,39,39,http://localhost:9494/VehicleRegistration/,130,0,74
1731425005776,144,HTTP Request-0,302,,Users 1-27,,true,,168,135,39,39,http://localhost:9494/VehicleRegistration,130,0,74
1731425005903,35,HTTP Request,200,,Users 1-36,text,true,,4221,271,39,39,http://localhost:9494/VehicleRegistration/,12,0,7
1731425005924,14,HTTP Request-1,200,,Users 1-27,text,true,,4053,136,39,39,http://localhost:9494/VehicleRegistration/,14,0,0
1731425005903,17,HTTP Request-0,302,,Users 1-36,,true,,168,135,39,39,http://localhost:9494/VehicleRegistration,12,0,7
1731425005924,14,HTTP Request-1,200,,Users 1-36,text,true,,4053,136,39,39,http://localhost:9494/VehicleRegistration/,14,0,0
1731425005941,7,HTTP Request,200,,Users 1-36,text,true,,4221,271,39,39,http://localhost:9494/VehicleRegistration/,2,0,0
1731425005941,2,HTTP Request-0,302,,Users 1-36,,true,,168,135,39,39,http://localhost:9494/VehicleRegistration,2,0,0
1731425005944,4,HTTP Request-1,200,,Users 1-36,text,true,,4053,136,39,39,http://localhost:9494/VehicleRegistration/,4,0,0
1731425005942,12,HTTP Request,200,,Users 1-20,text,true,,4221,271,38,38,http://localhost:9494/VehicleRegistration/,8,0,0
1731425005942,8,HTTP Request-0,302,,Users 1-20,,true,,168,135,38,38,http://localhost:9494/VehicleRegistration,8,0,0
1731425005951,3,HTTP Request-1,200,,Users 1-20,text,true,,4053,136,38,38,http://localhost:9494/VehicleRegistration/,3,0,0
1731425005940,25,HTTP Request,200,,Users 1-27,text,true,,4221,271,37,37,http://localhost:9494/VehicleRegistration/,15,0,0
1731425005940,15,HTTP Request-0,302,,Users 1-27,,true,,168,135,37,37,http://localhost:9494/VehicleRegistration,15,0,0
1731425005956,9,HTTP Request-1,200,,Users 1-27,text,true,,4053,136,37,37,http://localhost:9494/VehicleRegistration/,9,0,0
1731425005940,26,HTTP Request,200,,Users 1-38,text,true,,4221,271,37,37,http://localhost:9494/VehicleRegistration/,20,0,0
1731425005940,20,HTTP Request-0,302,,Users 1-38,,true,,168,135,37,37,http://localhost:9494/VehicleRegistration,20,0,0
1731425005960,6,HTTP Request-1,200,,Users 1-38,text,true,,4053,136,37,37,http://localhost:9494/VehicleRegistration/,6,0,0
1731425005776,195,HTTP Request,200,,Users 1-17,text,true,,4221,271,35,35,http://localhost:9494/VehicleRegistration/,129,0,72
1731425005776,144,HTTP Request-0,302,,Users 1-17,,true,,168,135,35,35,http://localhost:9494/VehicleRegistration,129,0,72
1731425005923,48,HTTP Request-1,200,,Users 1-17,text,true,,4053,136,35,35,http://localhost:9494/VehicleRegistration/,48,0,0
1731425005816,158,HTTP Request,200,,Users 1-32,text,true,,4221,271,35,35,http://localhost:9494/VehicleRegistration/,90,0,38
1731425005816,104,HTTP Request-0,302,,Users 1-32,,true,,168,135,35,35,http://localhost:9494/VehicleRegistration,90,0,38
1731425005924,50,HTTP Request-1,200,,Users 1-32,text,true,,4053,136,35,35,http://localhost:9494/VehicleRegistration/,50,0,0
1731425005977,11,HTTP Request,200,,Users 1-32,text,true,,4221,271,35,35,http://localhost:9494/VehicleRegistration/,8,0,0
1731425005977,8,HTTP Request-0,302,,Users 1-32,,true,,168,135,35,35,http://localhost:9494/VehicleRegistration,8,0,0
1731425005986,2,HTTP Request-1,200,,Users 1-32,text,true,,4053,136,35,35,http://localhost:9494/VehicleRegistration/,2,0,0
1731425005973,17,HTTP Request,200,,Users 1-17,text,true,,4221,271,34,34,http://localhost:9494/VehicleRegistration/,10,0,0
1731425005973,10,HTTP Request-0,302,,Users 1-17,,true,,168,135,34,34,http://localhost:9494/VehicleRegistration,10,0,0
1731425005984,6,HTTP Request-1,200,,Users 1-17,text,true,,4053,136,34,34,http://localhost:9494/VehicleRegistration/,5,0,0
1731425005780,218,HTTP Request,200,,Users 1-9,text,true,,4221,271,33,33,http://localhost:9494/VehicleRegistration/,126,0,76
1731425005780,140,HTTP Request-0,302,,Users 1-9,,true,,168,135,33,33,http://localhost:9494/VehicleRegistration,126,0,76
1731425005924,74,HTTP Request-1,200,,Users 1-9,text,true,,4053,136,33,33,http://localhost:9494/VehicleRegistration/,74,0,0
1731425005804,198,HTTP Request,200,,Users 1-31,text,true,,4221,271,33,33,http://localhost:9494/VehicleRegistration/,102,0,54
1731425005804,116,HTTP Request-0,302,,Users 1-31,,true,,168,135,33,33,http://localhost:9494/VehicleRegistration,102,0,54
1731425005924,78,HTTP Request-1,200,,Users 1-31,text,true,,4053,136,33,33,http://localhost:9494/VehicleRegistration/,78,0,0
1731425006003,6,HTTP Request,200,,Users 1-31,text,true,,4221,271,33,33,http://localhost:9494/VehicleRegistration/,2,0,0
1731425006003,2,HTTP Request-0,302,,Users 1-31,,true,,168,135,33,33,http://localhost:9494/VehicleRegistration,2,0,0
1731425006006,3,HTTP Request-1,200,,Users 1-31,text,true,,4053,136,33,33,http://localhost:9494/VehicleRegistration/,2,0,0
1731425005999,10,HTTP Request,200,,Users 1-9,text,true,,4221,271,33,33,http://localhost:9494/VehicleRegistration/,5,0,0
1731425005999,5,HTTP Request-0,302,,Users 1-9,,true,,168,135,33,33,http://localhost:9494/VehicleRegistration,5,0,0
1731425006004,5,HTTP Request-1,200,,Users 1-9,text,true,,4053,136,33,33,http://localhost:9494/VehicleRegistration/,5,0,0
1731425005789,226,HTTP Request,200,,Users 1-16,text,true,,4221,271,31,31,http://localhost:9494/VehicleRegistration/,117,0,58
1731425005789,131,HTTP Request-0,302,,Users 1-16,,true,,168,135,31,31,http://localhost:9494/VehicleRegistration,117,0,58
1731425005923,92,HTTP Request-1,200,,Users 1-16,text,true,,4053,136,31,31,http://localhost:9494/VehicleRegistration/,92,0,0
1731425006016,6,HTTP Request,200,,Users 1-16,text,true,,4221,271,31,31,http://localhost:9494/VehicleRegistration/,2,0,0
1731425006016,2,HTTP Request-0,302,,Users 1-16,,true,,168,135,31,31,http://localhost:9494/VehicleRegistration,2,0,0
1731425006019,3,HTTP Request-1,200,,Users 1-16,text,true,,4053,136,31,31,http://localhost:9494/VehicleRegistration/,3,0,0
1731425006032,13,HTTP Request,200,,Users 1-39,text,true,,4221,271,32,32,http://localhost:9494/VehicleRegistration/,3,0,2
1731425006032,3,HTTP Request-0,302,,Users 1-39,,true,,168,135,32,32,http://localhost:9494/VehicleRegistration,3,0,2
1731425006035,10,HTTP Request-1,200,,Users 1-39,text,true,,4053,136,32,32,http://localhost:9494/VehicleRegistration/,9,0,0
1731425006039,10,HTTP Request,200,,Users 1-41,text,true,,4221,271,32,32,http://localhost:9494/VehicleRegistration/,5,0,3
1731425006039,5,HTTP Request-0,302,,Users 1-41,,true,,168,135,32,32,http://localhost:9494/VehicleRegistration,5,0,3
1731425006044,5,HTTP Request-1,200,,Users 1-41,text,true,,4053,136,32,32,http://localhost:9494/VehicleRegistration/,5,0,0
1731425006047,5,HTTP Request,200,,Users 1-39,text,true,,4221,271,32,32,http://localhost:9494/VehicleRegistration/,2,0,0
1731425006047,2,HTTP Request-0,302,,Users 1-39,,true,,168,135,32,32,http://localhost:9494/VehicleRegistration,2,0,0
1731425006050,2,HTTP Request-1,200,,Users 1-39,text,true,,4053,136,32,32,http://localhost:9494/VehicleRegistration/,2,0,0
1731425006050,6,HTTP Request,200,,Users 1-41,text,true,,4221,271,31,31,http://localhost:9494/VehicleRegistration/,3,0,0
1731425006050,3,HTTP Request-0,302,,Users 1-41,,true,,168,135,31,31,http://localhost:9494/VehicleRegistration,3,0,0
1731425006053,3,HTTP Request-1,200,,Users 1-41,text,true,,4053,136,31,31,http://localhost:9494/VehicleRegistration/,3,0,0
1731425006061,6,HTTP Request,200,,Users 1-42,text,true,,4221,271,31,31,http://localhost:9494/VehicleRegistration/,4,0,2
1731425006061,4,HTTP Request-0,302,,Users 1-42,,true,,168,135,31,31,http://localhost:9494/VehicleRegistration,4,0,2
1731425006065,2,HTTP Request-1,200,,Users 1-42,text,true,,4053,136,31,31,http://localhost:9494/VehicleRegistration/,2,0,0
1731425006034,36,HTTP Request,200,,Users 1-40,text,true,,4221,271,31,31,http://localhost:9494/VehicleRegistration/,32,0,24
1731425006034,32,HTTP Request-0,302,,Users 1-40,,true,,168,135,31,31,http://localhost:9494/VehicleRegistration,32,0,24
1731425006066,4,HTTP Request-1,200,,Users 1-40,text,true,,4053,136,31,31,http://localhost:9494/VehicleRegistration/,4,0,0
1731425006068,3,HTTP Request,200,,Users 1-42,text,true,,4221,271,31,31,http://localhost:9494/VehicleRegistration/,1,0,0
1731425006068,2,HTTP Request-0,302,,Users 1-42,,true,,168,135,31,31,http://localhost:9494/VehicleRegistration,1,0,0
1731425006070,1,HTTP Request-1,200,,Users 1-42,text,true,,4053,136,31,31,http://localhost:9494/VehicleRegistration/,1,0,0
1731425006073,6,HTTP Request,200,,Users 1-43,text,true,,4221,271,31,31,http://localhost:9494/VehicleRegistration/,4,0,2
1731425006073,4,HTTP Request-0,302,,Users 1-43,,true,,168,135,31,31,http://localhost:9494/VehicleRegistration,4,0,2
1731425006077,2,HTTP Request-1,200,,Users 1-43,text,true,,4053,136,31,31,http://localhost:9494/VehicleRegistration/,2,0,0
1731425006071,12,HTTP Request,200,,Users 1-40,text,true,,4221,271,31,31,http://localhost:9494/VehicleRegistration/,5,0,0
1731425006071,5,HTTP Request-0,302,,Users 1-40,,true,,168,135,31,31,http://localhost:9494/VehicleRegistration,5,0,0
1731425006079,4,HTTP Request-1,200,,Users 1-40,text,true,,4053,136,31,31,http://localhost:9494/VehicleRegistration/,4,0,0
1731425006081,4,HTTP Request,200,,Users 1-43,text,true,,4221,271,31,31,http://localhost:9494/VehicleRegistration/,2,0,0
1731425006081,2,HTTP Request-0,302,,Users 1-43,,true,,168,135,31,31,http://localhost:9494/VehicleRegistration,2,0,0
1731425006083,2,HTTP Request-1,200,,Users 1-43,text,true,,4053,136,31,31,http://localhost:9494/VehicleRegistration/,2,0,0
1731425006089,4,HTTP Request,200,,Users 1-44,text,true,,4221,271,31,31,http://localhost:9494/VehicleRegistration/,2,0,1
1731425006089,4,HTTP Request,200,,Users 1-45,text,true,,4221,271,31,31,http://localhost:9494/VehicleRegistration/,2,0,1
1731425006089,2,HTTP Request-0,302,,Users 1-44,,true,,168,135,31,31,http://localhost:9494/VehicleRegistration,2,0,1
1731425006089,2,HTTP Request-0,302,,Users 1-45,,true,,168,135,31,31,http://localhost:9494/VehicleRegistration,2,0,1
1731425006091,2,HTTP Request-1,200,,Users 1-44,text,true,,4053,136,31,31,http://localhost:9494/VehicleRegistration/,2,0,0
1731425006091,2,HTTP Request-1,200,,Users 1-45,text,true,,4053,136,31,31,http://localhost:9494/VehicleRegistration/,2,0,0
1731425006094,5,HTTP Request,200,,Users 1-44,text,true,,4221,271,31,31,http://localhost:9494/VehicleRegistration/,4,0,0
1731425006094,4,HTTP Request-0,302,,Users 1-44,,true,,168,135,31,31,http://localhost:9494/VehicleRegistration,4,0,0
1731425006094,6,HTTP Request,200,,Users 1-45,text,true,,4221,271,31,31,http://localhost:9494/VehicleRegistration/,4,0,0
1731425006094,4,HTTP Request-0,302,,Users 1-45,,true,,168,135,31,31,http://localhost:9494/VehicleRegistration,4,0,0
1731425006098,1,HTTP Request-1,200,,Users 1-44,text,true,,4053,136,31,31,http://localhost:9494/VehicleRegistration/,1,0,0
1731425006098,2,HTTP Request-1,200,,Users 1-45,text,true,,4053,136,31,31,http://localhost:9494/VehicleRegistration/,2,0,0
1731425006104,4,HTTP Request,200,,Users 1-46,text,true,,4221,271,32,32,http://localhost:9494/VehicleRegistration/,3,0,1
1731425006104,3,HTTP Request-0,302,,Users 1-46,,true,,168,135,32,32,http://localhost:9494/VehicleRegistration,3,0,1
1731425006107,1,HTTP Request-1,200,,Users 1-46,text,true,,4053,136,32,32,http://localhost:9494/VehicleRegistration/,1,0,0
1731425006109,4,HTTP Request,200,,Users 1-46,text,true,,4221,271,32,32,http://localhost:9494/VehicleRegistration/,2,0,0
1731425006109,2,HTTP Request-0,302,,Users 1-46,,true,,168,135,32,32,http://localhost:9494/VehicleRegistration,2,0,0
1731425006111,2,HTTP Request-1,200,,Users 1-46,text,true,,4053,136,32,32,http://localhost:9494/VehicleRegistration/,2,0,0
1731425006108,12,HTTP Request,200,,Users 1-48,text,true,,4221,271,31,31,http://localhost:9494/VehicleRegistration/,11,0,9
1731425006108,11,HTTP Request-0,302,,Users 1-48,,true,,168,135,31,31,http://localhost:9494/VehicleRegistration,11,0,9
1731425006119,1,HTTP Request-1,200,,Users 1-48,text,true,,4053,136,31,31,http://localhost:9494/VehicleRegistration/,1,0,0
1731425006104,24,HTTP Request,200,,Users 1-47,text,true,,4221,271,31,31,http://localhost:9494/VehicleRegistration/,15,0,2
1731425006104,15,HTTP Request-0,302,,Users 1-47,,true,,168,135,31,31,http://localhost:9494/VehicleRegistration,15,0,2
1731425006119,9,HTTP Request-1,200,,Users 1-47,text,true,,4053,136,31,31,http://localhost:9494/VehicleRegistration/,9,0,0
1731425006121,8,HTTP Request,200,,Users 1-48,text,true,,4221,271,31,31,http://localhost:9494/VehicleRegistration/,2,0,0
1731425006121,2,HTTP Request-0,302,,Users 1-48,,true,,168,135,31,31,http://localhost:9494/VehicleRegistration,2,0,0
1731425006123,6,HTTP Request-1,200,,Users 1-48,text,true,,4053,136,31,31,http://localhost:9494/VehicleRegistration/,5,0,0
1731425006131,4,HTTP Request,200,,Users 1-47,text,true,,4221,271,30,30,http://localhost:9494/VehicleRegistration/,2,0,0
1731425006131,2,HTTP Request-0,302,,Users 1-47,,true,,168,135,30,30,http://localhost:9494/VehicleRegistration,2,0,0
1731425006133,2,HTTP Request-1,200,,Users 1-47,text,true,,4053,136,30,30,http://localhost:9494/VehicleRegistration/,2,0,0
1731425006137,4,HTTP Request,200,,Users 1-50,text,true,,4221,271,32,32,http://localhost:9494/VehicleRegistration/,2,0,1
1731425006137,2,HTTP Request-0,302,,Users 1-50,,true,,168,135,32,32,http://localhost:9494/VehicleRegistration,2,0,1
1731425006139,2,HTTP Request-1,200,,Users 1-50,text,true,,4053,136,32,32,http://localhost:9494/VehicleRegistration/,2,0,0
1731425005778,414,HTTP Request,200,,Users 1-6,text,true,,4221,271,49,49,http://localhost:9494/VehicleRegistration/,412,0,88
1731425005778,412,HTTP Request-0,302,,Users 1-6,,true,,168,135,49,49,http://localhost:9494/VehicleRegistration,412,0,88
1731425006190,2,HTTP Request-1,200,,Users 1-6,text,true,,4053,136,49,49,http://localhost:9494/VehicleRegistration/,2,0,0
1731425005776,420,HTTP Request,200,,Users 1-5,text,true,,4221,271,49,49,http://localhost:9494/VehicleRegistration/,414,0,92
1731425005776,414,HTTP Request-0,302,,Users 1-5,,true,,168,135,49,49,http://localhost:9494/VehicleRegistration,414,0,92
1731425006190,6,HTTP Request-1,200,,Users 1-5,text,true,,4053,136,49,49,http://localhost:9494/VehicleRegistration/,6,0,0
1731425006141,58,HTTP Request,200,,Users 1-50,text,true,,4221,271,49,49,http://localhost:9494/VehicleRegistration/,51,0,0
1731425006141,51,HTTP Request-0,302,,Users 1-50,,true,,168,135,49,49,http://localhost:9494/VehicleRegistration,51,0,0
1731425006192,7,HTTP Request-1,200,,Users 1-50,text,true,,4053,136,49,49,http://localhost:9494/VehicleRegistration/,7,0,0
1731425006198,8,HTTP Request,200,,Users 1-5,text,true,,4221,271,48,48,http://localhost:9494/VehicleRegistration/,6,0,0
1731425006198,6,HTTP Request-0,302,,Users 1-5,,true,,168,135,48,48,http://localhost:9494/VehicleRegistration,6,0,0
1731425006204,2,HTTP Request-1,200,,Users 1-5,text,true,,4053,136,48,48,http://localhost:9494/VehicleRegistration/,2,0,0
1731425006140,67,HTTP Request,200,,Users 1-49,text,true,,4221,271,47,47,http://localhost:9494/VehicleRegistration/,54,0,3
1731425006140,54,HTTP Request-0,302,,Users 1-49,,true,,168,135,47,47,http://localhost:9494/VehicleRegistration,54,0,3
1731425006194,13,HTTP Request-1,200,,Users 1-49,text,true,,4053,136,47,47,http://localhost:9494/VehicleRegistration/,13,0,0
1731425006141,68,HTTP Request,200,,Users 1-51,text,true,,4221,271,47,47,http://localhost:9494/VehicleRegistration/,53,0,2
1731425006141,53,HTTP Request-0,302,,Users 1-51,,true,,168,135,47,47,http://localhost:9494/VehicleRegistration,53,0,2
1731425006195,14,HTTP Request-1,200,,Users 1-51,text,true,,4053,136,47,47,http://localhost:9494/VehicleRegistration/,13,0,0
1731425006144,67,HTTP Request,200,,Users 1-52,text,true,,4221,271,47,47,http://localhost:9494/VehicleRegistration/,65,0,2
1731425006144,65,HTTP Request-0,302,,Users 1-52,,true,,168,135,47,47,http://localhost:9494/VehicleRegistration,65,0,2
1731425006210,1,HTTP Request-1,200,,Users 1-52,text,true,,4053,136,47,47,http://localhost:9494/VehicleRegistration/,1,0,0
1731425006193,20,HTTP Request,200,,Users 1-6,text,true,,4221,271,47,47,http://localhost:9494/VehicleRegistration/,18,0,0
1731425006193,18,HTTP Request-0,302,,Users 1-6,,true,,168,135,47,47,http://localhost:9494/VehicleRegistration,18,0,0
1731425006211,2,HTTP Request-1,200,,Users 1-6,text,true,,4053,136,47,47,http://localhost:9494/VehicleRegistration/,1,0,0
1731425006147,70,HTTP Request,200,,Users 1-54,text,true,,4221,271,46,46,http://localhost:9494/VehicleRegistration/,66,0,1
1731425006147,66,HTTP Request-0,302,,Users 1-54,,true,,168,135,46,46,http://localhost:9494/VehicleRegistration,66,0,1
1731425006213,4,HTTP Request-1,200,,Users 1-54,text,true,,4053,136,46,46,http://localhost:9494/VehicleRegistration/,4,0,0
1731425006212,7,HTTP Request,200,,Users 1-52,text,true,,4221,271,46,46,http://localhost:9494/VehicleRegistration/,5,0,0
1731425006210,9,HTTP Request,200,,Users 1-51,text,true,,4221,271,46,46,http://localhost:9494/VehicleRegistration/,5,0,0
1731425006212,5,HTTP Request-0,302,,Users 1-52,,true,,168,135,46,46,http://localhost:9494/VehicleRegistration,5,0,0
1731425006210,5,HTTP Request-0,302,,Users 1-51,,true,,168,135,46,46,http://localhost:9494/VehicleRegistration,5,0,0
1731425006218,1,HTTP Request-1,200,,Users 1-52,text,true,,4053,136,46,46,http://localhost:9494/VehicleRegistration/,1,0,0
1731425006216,3,HTTP Request-1,200,,Users 1-51,text,true,,4053,136,46,46,http://localhost:9494/VehicleRegistration/,3,0,0
1731425006208,13,HTTP Request,200,,Users 1-49,text,true,,4221,271,44,44,http://localhost:9494/VehicleRegistration/,6,0,0
1731425006208,6,HTTP Request-0,302,,Users 1-49,,true,,168,135,44,44,http://localhost:9494/VehicleRegistration,6,0,0
1731425006215,6,HTTP Request-1,200,,Users 1-49,text,true,,4053,136,44,44,http://localhost:9494/VehicleRegistration/,6,0,0
1731425006218,5,HTTP Request,200,,Users 1-54,text,true,,4221,271,43,43,http://localhost:9494/VehicleRegistration/,3,0,0
1731425006218,3,HTTP Request-0,302,,Users 1-54,,true,,168,135,43,43,http://localhost:9494/VehicleRegistration,3,0,0
1731425006221,2,HTTP Request-1,200,,Users 1-54,text,true,,4053,136,43,43,http://localhost:9494/VehicleRegistration/,2,0,0
1731425006148,77,HTTP Request,200,,Users 1-53,text,true,,4221,271,42,42,http://localhost:9494/VehicleRegistration/,75,0,1
1731425006148,75,HTTP Request-0,302,,Users 1-53,,true,,168,135,42,42,http://localhost:9494/VehicleRegistration,75,0,1
1731425006223,2,HTTP Request-1,200,,Users 1-53,text,true,,4053,136,42,42,http://localhost:9494/VehicleRegistration/,2,0,0
1731425006150,84,HTTP Request,200,,Users 1-55,text,true,,4221,271,42,42,http://localhost:9494/VehicleRegistration/,80,0,3
1731425006150,80,HTTP Request-0,302,,Users 1-55,,true,,168,135,42,42,http://localhost:9494/VehicleRegistration,80,0,3
1731425006230,4,HTTP Request-1,200,,Users 1-55,text,true,,4053,136,42,42,http://localhost:9494/VehicleRegistration/,4,0,0
1731425006225,10,HTTP Request,200,,Users 1-53,text,true,,4221,271,42,42,http://localhost:9494/VehicleRegistration/,8,0,0
1731425006225,8,HTTP Request-0,302,,Users 1-53,,true,,168,135,42,42,http://localhost:9494/VehicleRegistration,8,0,0
1731425006233,2,HTTP Request-1,200,,Users 1-53,text,true,,4053,136,42,42,http://localhost:9494/VehicleRegistration/,2,0,0
1731425005787,451,HTTP Request,200,,Users 1-3,text,true,,4221,271,41,41,http://localhost:9494/VehicleRegistration/,441,0,79
1731425005787,441,HTTP Request-0,302,,Users 1-3,,true,,168,135,41,41,http://localhost:9494/VehicleRegistration,441,0,79
1731425006229,9,HTTP Request-1,200,,Users 1-3,text,true,,4053,136,41,41,http://localhost:9494/VehicleRegistration/,9,0,0
1731425006158,82,HTTP Request,200,,Users 1-57,text,true,,4221,271,41,41,http://localhost:9494/VehicleRegistration/,80,0,1
1731425006158,80,HTTP Request-0,302,,Users 1-57,,true,,168,135,41,41,http://localhost:9494/VehicleRegistration,80,0,1
1731425006238,2,HTTP Request-1,200,,Users 1-57,text,true,,4053,136,41,41,http://localhost:9494/VehicleRegistration/,2,0,0
1731425006163,79,HTTP Request,200,,Users 1-59,text,true,,4221,271,41,41,http://localhost:9494/VehicleRegistration/,77,0,1
1731425006163,77,HTTP Request-0,302,,Users 1-59,,true,,168,135,41,41,http://localhost:9494/VehicleRegistration,77,0,1
1731425006240,2,HTTP Request-1,200,,Users 1-59,text,true,,4053,136,41,41,http://localhost:9494/VehicleRegistration/,2,0,0
1731425006167,79,HTTP Request,200,,Users 1-62,text,true,,4221,271,41,41,http://localhost:9494/VehicleRegistration/,78,0,1
1731425006234,12,HTTP Request,200,,Users 1-55,text,true,,4221,271,41,41,http://localhost:9494/VehicleRegistration/,11,0,0
1731425006167,78,HTTP Request-0,302,,Users 1-62,,true,,168,135,41,41,http://localhost:9494/VehicleRegistration,78,0,1
1731425006234,11,HTTP Request-0,302,,Users 1-55,,true,,168,135,41,41,http://localhost:9494/VehicleRegistration,11,0,0
1731425006245,1,HTTP Request-1,200,,Users 1-62,text,true,,4053,136,41,41,http://localhost:9494/VehicleRegistration/,1,0,0
1731425006245,1,HTTP Request-1,200,,Users 1-55,text,true,,4053,136,41,41,http://localhost:9494/VehicleRegistration/,1,0,0
1731425005788,463,HTTP Request,200,,Users 1-19,text,true,,4221,271,40,40,http://localhost:9494/VehicleRegistration/,454,0,82
1731425005788,454,HTTP Request-0,302,,Users 1-19,,true,,168,135,40,40,http://localhost:9494/VehicleRegistration,454,0,82
1731425006242,9,HTTP Request-1,200,,Users 1-19,text,true,,4053,136,40,40,http://localhost:9494/VehicleRegistration/,9,0,0
1731425006165,88,HTTP Request,200,,Users 1-61,text,true,,4221,271,40,40,http://localhost:9494/VehicleRegistration/,77,0,1
1731425006165,77,HTTP Request-0,302,,Users 1-61,,true,,168,135,40,40,http://localhost:9494/VehicleRegistration,77,0,1
1731425006242,11,HTTP Request-1,200,,Users 1-61,text,true,,4053,136,40,40,http://localhost:9494/VehicleRegistration/,11,0,0
1731425006174,82,HTTP Request,200,,Users 1-67,text,true,,4221,271,40,40,http://localhost:9494/VehicleRegistration/,81,0,2
1731425006174,81,HTTP Request-0,302,,Users 1-67,,true,,168,135,40,40,http://localhost:9494/VehicleRegistration,81,0,2
1731425006255,1,HTTP Request-1,200,,Users 1-67,text,true,,4053,136,40,40,http://localhost:9494/VehicleRegistration/,1,0,0
1731425006239,19,HTTP Request,200,,Users 1-3,text,true,,4221,271,40,40,http://localhost:9494/VehicleRegistration/,18,0,0
1731425006239,18,HTTP Request-0,302,,Users 1-3,,true,,168,135,40,40,http://localhost:9494/VehicleRegistration,18,0,0
1731425006257,1,HTTP Request-1,200,,Users 1-3,text,true,,4053,136,40,40,http://localhost:9494/VehicleRegistration/,1,0,0
1731425006161,100,HTTP Request,200,,Users 1-58,text,true,,4221,271,39,39,http://localhost:9494/VehicleRegistration/,79,0,1
1731425006161,79,HTTP Request-0,302,,Users 1-58,,true,,168,135,39,39,http://localhost:9494/VehicleRegistration,79,0,1
1731425006240,21,HTTP Request-1,200,,Users 1-58,text,true,,4053,136,39,39,http://localhost:9494/VehicleRegistration/,21,0,0
1731425006262,3,HTTP Request,200,,Users 1-58,text,true,,4221,271,39,39,http://localhost:9494/VehicleRegistration/,1,0,0
1731425006262,1,HTTP Request-0,302,,Users 1-58,,true,,168,135,39,39,http://localhost:9494/VehicleRegistration,1,0,0
1731425006263,2,HTTP Request-1,200,,Users 1-58,text,true,,4053,136,39,39,http://localhost:9494/VehicleRegistration/,2,0,0
1731425006164,103,HTTP Request,200,,Users 1-60,text,true,,4221,271,38,38,http://localhost:9494/VehicleRegistration/,77,0,1
1731425005774,493,HTTP Request,200,,Users 1-21,text,true,,4221,271,38,38,http://localhost:9494/VehicleRegistration/,469,0,97
1731425006164,77,HTTP Request-0,302,,Users 1-60,,true,,168,135,38,38,http://localhost:9494/VehicleRegistration,77,0,1
1731425005774,469,HTTP Request-0,302,,Users 1-21,,true,,168,135,38,38,http://localhost:9494/VehicleRegistration,469,0,97
1731425006241,26,HTTP Request-1,200,,Users 1-60,text,true,,4053,136,38,38,http://localhost:9494/VehicleRegistration/,26,0,0
1731425006244,23,HTTP Request-1,200,,Users 1-21,text,true,,4053,136,38,38,http://localhost:9494/VehicleRegistration/,23,0,0
1731425006242,28,HTTP Request,200,,Users 1-59,text,true,,4221,271,38,38,http://localhost:9494/VehicleRegistration/,2,0,0
1731425006242,2,HTTP Request-0,302,,Users 1-59,,true,,168,135,38,38,http://localhost:9494/VehicleRegistration,2,0,0
1731425006244,26,HTTP Request-1,200,,Users 1-59,text,true,,4053,136,38,38,http://localhost:9494/VehicleRegistration/,26,0,0
1731425006171,103,HTTP Request,200,,Users 1-65,text,true,,4221,271,37,37,http://localhost:9494/VehicleRegistration/,78,0,1
1731425006171,78,HTTP Request-0,302,,Users 1-65,,true,,168,135,37,37,http://localhost:9494/VehicleRegistration,78,0,1
1731425006250,24,HTTP Request-1,200,,Users 1-65,text,true,,4053,136,37,37,http://localhost:9494/VehicleRegistration/,24,0,0
1731425006269,6,HTTP Request,200,,Users 1-21,text,true,,4221,271,37,37,http://localhost:9494/VehicleRegistration/,3,0,0
1731425006269,3,HTTP Request-0,302,,Users 1-21,,true,,168,135,37,37,http://localhost:9494/VehicleRegistration,3,0,0
1731425006272,3,HTTP Request-1,200,,Users 1-21,text,true,,4053,136,37,37,http://localhost:9494/VehicleRegistration/,3,0,0
1731425006251,26,HTTP Request,200,,Users 1-19,text,true,,4221,271,36,36,http://localhost:9494/VehicleRegistration/,1,0,0
1731425006251,1,HTTP Request-0,302,,Users 1-19,,true,,168,135,36,36,http://localhost:9494/VehicleRegistration,1,0,0
1731425006252,25,HTTP Request-1,200,,Users 1-19,text,true,,4053,136,36,36,http://localhost:9494/VehicleRegistration/,25,0,0
1731425006257,24,HTTP Request,200,,Users 1-67,text,true,,4221,271,35,35,http://localhost:9494/VehicleRegistration/,22,0,0
1731425006257,22,HTTP Request-0,302,,Users 1-67,,true,,168,135,35,35,http://localhost:9494/VehicleRegistration,22,0,0
1731425006280,1,HTTP Request-1,200,,Users 1-67,text,true,,4053,136,35,35,http://localhost:9494/VehicleRegistration/,1,0,0
1731425006254,29,HTTP Request,200,,Users 1-61,text,true,,4221,271,34,34,http://localhost:9494/VehicleRegistration/,24,0,0
1731425006254,24,HTTP Request-0,302,,Users 1-61,,true,,168,135,34,34,http://localhost:9494/VehicleRegistration,24,0,0
1731425006278,5,HTTP Request-1,200,,Users 1-61,text,true,,4053,136,34,34,http://localhost:9494/VehicleRegistration/,5,0,0
1731425005780,505,HTTP Request,200,,Users 1-28,text,true,,4221,271,33,33,http://localhost:9494/VehicleRegistration/,481,0,91
1731425005780,481,HTTP Request-0,302,,Users 1-28,,true,,168,135,33,33,http://localhost:9494/VehicleRegistration,481,0,91
1731425006261,24,HTTP Request-1,200,,Users 1-28,text,true,,4053,136,33,33,http://localhost:9494/VehicleRegistration/,24,0,0
1731425006240,46,HTTP Request,200,,Users 1-57,text,true,,4221,271,33,33,http://localhost:9494/VehicleRegistration/,25,0,0
1731425006240,25,HTTP Request-0,302,,Users 1-57,,true,,168,135,33,33,http://localhost:9494/VehicleRegistration,25,0,0
1731425006265,21,HTTP Request-1,200,,Users 1-57,text,true,,4053,136,33,33,http://localhost:9494/VehicleRegistration/,21,0,0
1731425006268,22,HTTP Request,200,,Users 1-60,text,true,,4221,271,32,32,http://localhost:9494/VehicleRegistration/,1,0,0
1731425006268,1,HTTP Request-0,302,,Users 1-60,,true,,168,135,32,32,http://localhost:9494/VehicleRegistration,1,0,0
1731425006270,20,HTTP Request-1,200,,Users 1-60,text,true,,4053,136,32,32,http://localhost:9494/VehicleRegistration/,20,0,0
1731425006247,47,HTTP Request,200,,Users 1-62,text,true,,4221,271,31,31,http://localhost:9494/VehicleRegistration/,26,0,0
1731425006247,26,HTTP Request-0,302,,Users 1-62,,true,,168,135,31,31,http://localhost:9494/VehicleRegistration,26,0,0
1731425006273,21,HTTP Request-1,200,,Users 1-62,text,true,,4053,136,31,31,http://localhost:9494/VehicleRegistration/,21,0,0
1731425006275,22,HTTP Request,200,,Users 1-65,text,true,,4221,271,30,30,http://localhost:9494/VehicleRegistration/,1,0,0
1731425006275,1,HTTP Request-0,302,,Users 1-65,,true,,168,135,30,30,http://localhost:9494/VehicleRegistration,1,0,0
1731425006276,21,HTTP Request-1,200,,Users 1-65,text,true,,4053,136,30,30,http://localhost:9494/VehicleRegistration/,21,0,0
1731425006184,119,HTTP Request,200,,Users 1-68,text,true,,4221,271,29,29,http://localhost:9494/VehicleRegistration/,116,0,2
1731425006184,116,HTTP Request-0,302,,Users 1-68,,true,,168,135,29,29,http://localhost:9494/VehicleRegistration,116,0,2
1731425006301,2,HTTP Request-1,200,,Users 1-68,text,true,,4053,136,29,29,http://localhost:9494/VehicleRegistration/,2,0,0
1731425006303,3,HTTP Request,200,,Users 1-68,text,true,,4221,271,29,29,http://localhost:9494/VehicleRegistration/,1,0,0
1731425006303,1,HTTP Request-0,302,,Users 1-68,,true,,168,135,29,29,http://localhost:9494/VehicleRegistration,1,0,0
1731425006305,1,HTTP Request-1,200,,Users 1-68,text,true,,4053,136,29,29,http://localhost:9494/VehicleRegistration/,1,0,0
1731425006287,22,HTTP Request,200,,Users 1-28,text,true,,4221,271,28,28,http://localhost:9494/VehicleRegistration/,2,0,0
1731425006287,2,HTTP Request-0,302,,Users 1-28,,true,,168,135,28,28,http://localhost:9494/VehicleRegistration,2,0,0
1731425006289,20,HTTP Request-1,200,,Users 1-28,text,true,,4053,136,28,28,http://localhost:9494/VehicleRegistration/,19,0,0
1731425005788,529,HTTP Request,200,,Users 1-22,text,true,,4221,271,27,27,http://localhost:9494/VehicleRegistration/,527,0,84
1731425005788,527,HTTP Request-0,302,,Users 1-22,,true,,168,135,27,27,http://localhost:9494/VehicleRegistration,527,0,84
1731425006315,2,HTTP Request-1,200,,Users 1-22,text,true,,4053,136,27,27,http://localhost:9494/VehicleRegistration/,2,0,0
1731425005789,528,HTTP Request,200,,Users 1-15,text,true,,4221,271,27,27,http://localhost:9494/VehicleRegistration/,524,0,83
1731425005789,524,HTTP Request-0,302,,Users 1-15,,true,,168,135,27,27,http://localhost:9494/VehicleRegistration,524,0,83
1731425006313,4,HTTP Request-1,200,,Users 1-15,text,true,,4053,136,27,27,http://localhost:9494/VehicleRegistration/,4,0,0
1731425006318,2,HTTP Request,200,,Users 1-15,text,true,,4221,271,27,27,http://localhost:9494/VehicleRegistration/,1,0,0
1731425006318,1,HTTP Request-0,302,,Users 1-15,,true,,168,135,27,27,http://localhost:9494/VehicleRegistration,1,0,0
1731425006319,1,HTTP Request-1,200,,Users 1-15,text,true,,4053,136,27,27,http://localhost:9494/VehicleRegistration/,1,0,0
1731425005776,547,HTTP Request,200,,Users 1-11,text,true,,4221,271,26,26,http://localhost:9494/VehicleRegistration/,540,0,97
1731425005776,540,HTTP Request-0,302,,Users 1-11,,true,,168,135,26,26,http://localhost:9494/VehicleRegistration,540,0,97
1731425006316,7,HTTP Request-1,200,,Users 1-11,text,true,,4053,136,26,26,http://localhost:9494/VehicleRegistration/,7,0,0
1731425005780,543,HTTP Request,200,,Users 1-1,text,true,,4221,271,26,26,http://localhost:9494/VehicleRegistration/,535,0,94
1731425005780,535,HTTP Request-0,302,,Users 1-1,,true,,168,135,26,26,http://localhost:9494/VehicleRegistration,535,0,94
1731425006315,8,HTTP Request-1,200,,Users 1-1,text,true,,4053,136,26,26,http://localhost:9494/VehicleRegistration/,8,0,0
1731425006317,9,HTTP Request,200,,Users 1-22,text,true,,4221,271,26,26,http://localhost:9494/VehicleRegistration/,7,0,0
1731425006324,2,HTTP Request,200,,Users 1-1,text,true,,4221,271,26,26,http://localhost:9494/VehicleRegistration/,0,0,0
1731425006317,7,HTTP Request-0,302,,Users 1-22,,true,,168,135,26,26,http://localhost:9494/VehicleRegistration,7,0,0
1731425006324,0,HTTP Request-0,302,,Users 1-1,,true,,168,135,26,26,http://localhost:9494/VehicleRegistration,0,0,0
1731425006325,1,HTTP Request-1,200,,Users 1-22,text,true,,4053,136,26,26,http://localhost:9494/VehicleRegistration/,1,0,0
1731425006325,1,HTTP Request-1,200,,Users 1-1,text,true,,4053,136,26,26,http://localhost:9494/VehicleRegistration/,1,0,0
1731425006324,7,HTTP Request,200,,Users 1-11,text,true,,4221,271,24,24,http://localhost:9494/VehicleRegistration/,4,0,0
1731425006324,4,HTTP Request-0,302,,Users 1-11,,true,,168,135,24,24,http://localhost:9494/VehicleRegistration,4,0,0
1731425006329,2,HTTP Request-1,200,,Users 1-11,text,true,,4053,136,24,24,http://localhost:9494/VehicleRegistration/,2,0,0
1731425005782,550,HTTP Request,200,,Users 1-12,text,true,,4221,271,23,23,http://localhost:9494/VehicleRegistration/,547,0,92
1731425005782,547,HTTP Request-0,302,,Users 1-12,,true,,168,135,23,23,http://localhost:9494/VehicleRegistration,547,0,92
1731425006329,3,HTTP Request-1,200,,Users 1-12,text,true,,4053,136,23,23,http://localhost:9494/VehicleRegistration/,3,0,0
1731425005786,549,HTTP Request,200,,Users 1-25,text,true,,4221,271,23,23,http://localhost:9494/VehicleRegistration/,544,0,88
1731425005786,544,HTTP Request-0,302,,Users 1-25,,true,,168,135,23,23,http://localhost:9494/VehicleRegistration,544,0,88
1731425006331,4,HTTP Request-1,200,,Users 1-25,text,true,,4053,136,23,23,http://localhost:9494/VehicleRegistration/,4,0,0
1731425005803,534,HTTP Request,200,,Users 1-29,text,true,,4221,271,23,23,http://localhost:9494/VehicleRegistration/,530,0,72
1731425005806,531,HTTP Request,200,,Users 1-30,text,true,,4221,271,23,23,http://localhost:9494/VehicleRegistration/,529,0,70
1731425005803,530,HTTP Request-0,302,,Users 1-29,,true,,168,135,23,23,http://localhost:9494/VehicleRegistration,530,0,72
1731425005806,529,HTTP Request-0,302,,Users 1-30,,true,,168,135,23,23,http://localhost:9494/VehicleRegistration,529,0,70
1731425006333,4,HTTP Request-1,200,,Users 1-29,text,true,,4053,136,23,23,http://localhost:9494/VehicleRegistration/,4,0,0
1731425006335,2,HTTP Request-1,200,,Users 1-30,text,true,,4053,136,23,23,http://localhost:9494/VehicleRegistration/,2,0,0
1731425005773,566,HTTP Request,200,,Users 1-10,text,true,,4221,271,23,23,http://localhost:9494/VehicleRegistration/,563,0,103
1731425005773,563,HTTP Request-0,302,,Users 1-10,,true,,168,135,23,23,http://localhost:9494/VehicleRegistration,563,0,103
1731425006336,3,HTTP Request-1,200,,Users 1-10,text,true,,4053,136,23,23,http://localhost:9494/VehicleRegistration/,3,0,0
1731425006332,10,HTTP Request,200,,Users 1-12,text,true,,4221,271,23,23,http://localhost:9494/VehicleRegistration/,4,0,0
1731425006332,4,HTTP Request-0,302,,Users 1-12,,true,,168,135,23,23,http://localhost:9494/VehicleRegistration,4,0,0
1731425006336,6,HTTP Request-1,200,,Users 1-12,text,true,,4053,136,23,23,http://localhost:9494/VehicleRegistration/,6,0,0
1731425006339,3,HTTP Request,200,,Users 1-10,text,true,,4221,271,23,23,http://localhost:9494/VehicleRegistration/,2,0,0
1731425006339,2,HTTP Request-0,302,,Users 1-10,,true,,168,135,23,23,http://localhost:9494/VehicleRegistration,2,0,0
1731425006341,1,HTTP Request-1,200,,Users 1-10,text,true,,4053,136,23,23,http://localhost:9494/VehicleRegistration/,1,0,0
1731425006335,8,HTTP Request,200,,Users 1-25,text,true,,4221,271,21,21,http://localhost:9494/VehicleRegistration/,6,0,0
1731425006335,6,HTTP Request-0,302,,Users 1-25,,true,,168,135,21,21,http://localhost:9494/VehicleRegistration,6,0,0
1731425006341,2,HTTP Request-1,200,,Users 1-25,text,true,,4053,136,21,21,http://localhost:9494/VehicleRegistration/,2,0,0
1731425006338,6,HTTP Request,200,,Users 1-30,text,true,,4221,271,20,20,http://localhost:9494/VehicleRegistration/,1,0,0
1731425006338,1,HTTP Request-0,302,,Users 1-30,,true,,168,135,20,20,http://localhost:9494/VehicleRegistration,1,0,0
1731425006340,4,HTTP Request-1,200,,Users 1-30,text,true,,4053,136,20,20,http://localhost:9494/VehicleRegistration/,4,0,0
1731425006338,7,HTTP Request,200,,Users 1-29,text,true,,4221,271,19,19,http://localhost:9494/VehicleRegistration/,3,0,0
1731425006338,3,HTTP Request-0,302,,Users 1-29,,true,,168,135,19,19,http://localhost:9494/VehicleRegistration,3,0,0
1731425006341,4,HTTP Request-1,200,,Users 1-29,text,true,,4053,136,19,19,http://localhost:9494/VehicleRegistration/,4,0,0
1731425005786,564,HTTP Request,200,,Users 1-4,text,true,,4221,271,18,18,http://localhost:9494/VehicleRegistration/,563,0,94
1731425005785,565,HTTP Request,200,,Users 1-23,text,true,,4221,271,18,18,http://localhost:9494/VehicleRegistration/,564,0,93
1731425005786,563,HTTP Request-0,302,,Users 1-4,,true,,168,135,18,18,http://localhost:9494/VehicleRegistration,563,0,94
1731425005785,564,HTTP Request-0,302,,Users 1-23,,true,,168,135,18,18,http://localhost:9494/VehicleRegistration,564,0,93
1731425006349,1,HTTP Request-1,200,,Users 1-4,text,true,,4053,136,18,18,http://localhost:9494/VehicleRegistration/,1,0,0
1731425006349,1,HTTP Request-1,200,,Users 1-23,text,true,,4053,136,18,18,http://localhost:9494/VehicleRegistration/,1,0,0
1731425006351,2,HTTP Request,200,,Users 1-4,text,true,,4221,271,18,18,http://localhost:9494/VehicleRegistration/,0,0,0
1731425006351,0,HTTP Request-0,302,,Users 1-4,,true,,168,135,18,18,http://localhost:9494/VehicleRegistration,0,0,0
1731425006352,1,HTTP Request-1,200,,Users 1-4,text,true,,4053,136,18,18,http://localhost:9494/VehicleRegistration/,1,0,0
1731425005775,578,HTTP Request,200,,Users 1-26,text,true,,4221,271,18,18,http://localhost:9494/VehicleRegistration/,576,0,104
1731425005775,576,HTTP Request-0,302,,Users 1-26,,true,,168,135,18,18,http://localhost:9494/VehicleRegistration,576,0,104
1731425006352,1,HTTP Request-1,200,,Users 1-26,text,true,,4053,136,18,18,http://localhost:9494/VehicleRegistration/,1,0,0
1731425006351,5,HTTP Request,200,,Users 1-23,text,true,,4221,271,17,17,http://localhost:9494/VehicleRegistration/,4,0,0
1731425006351,4,HTTP Request-0,302,,Users 1-23,,true,,168,135,17,17,http://localhost:9494/VehicleRegistration,4,0,0
1731425006355,1,HTTP Request-1,200,,Users 1-23,text,true,,4053,136,17,17,http://localhost:9494/VehicleRegistration/,1,0,0
1731425006354,4,HTTP Request,200,,Users 1-26,text,true,,4221,271,16,16,http://localhost:9494/VehicleRegistration/,1,0,0
1731425006354,1,HTTP Request-0,302,,Users 1-26,,true,,168,135,16,16,http://localhost:9494/VehicleRegistration,1,0,0
1731425006355,3,HTTP Request-1,200,,Users 1-26,text,true,,4053,136,16,16,http://localhost:9494/VehicleRegistration/,3,0,0
1731425005776,587,HTTP Request,200,,Users 1-8,text,true,,4221,271,15,15,http://localhost:9494/VehicleRegistration/,585,0,105
1731425005776,585,HTTP Request-0,302,,Users 1-8,,true,,168,135,15,15,http://localhost:9494/VehicleRegistration,585,0,105
1731425006361,2,HTTP Request-1,200,,Users 1-8,text,true,,4053,136,15,15,http://localhost:9494/VehicleRegistration/,2,0,0
1731425005773,591,HTTP Request,200,,Users 1-14,text,true,,4221,271,15,15,http://localhost:9494/VehicleRegistration/,588,0,75
1731425005773,588,HTTP Request-0,302,,Users 1-14,,true,,168,135,15,15,http://localhost:9494/VehicleRegistration,588,0,75
1731425006361,3,HTTP Request-1,200,,Users 1-14,text,true,,4053,136,15,15,http://localhost:9494/VehicleRegistration/,2,0,0
1731425005781,583,HTTP Request,200,,Users 1-2,text,true,,4221,271,15,15,http://localhost:9494/VehicleRegistration/,582,0,101
1731425005781,582,HTTP Request-0,302,,Users 1-2,,true,,168,135,15,15,http://localhost:9494/VehicleRegistration,582,0,101
1731425006363,1,HTTP Request-1,200,,Users 1-2,text,true,,4053,136,15,15,http://localhost:9494/VehicleRegistration/,1,0,0
1731425006363,2,HTTP Request,200,,Users 1-8,text,true,,4221,271,15,15,http://localhost:9494/VehicleRegistration/,1,0,0
1731425006363,1,HTTP Request-0,302,,Users 1-8,,true,,168,135,15,15,http://localhost:9494/VehicleRegistration,1,0,0
1731425006364,1,HTTP Request-1,200,,Users 1-8,text,true,,4053,136,15,15,http://localhost:9494/VehicleRegistration/,1,0,0
1731425006364,3,HTTP Request,200,,Users 1-14,text,true,,4221,271,14,14,http://localhost:9494/VehicleRegistration/,1,0,0
1731425006364,1,HTTP Request-0,302,,Users 1-14,,true,,168,135,14,14,http://localhost:9494/VehicleRegistration,1,0,0
1731425006365,2,HTTP Request-1,200,,Users 1-14,text,true,,4053,136,14,14,http://localhost:9494/VehicleRegistration/,2,0,0
1731425006364,4,HTTP Request,200,,Users 1-2,text,true,,4221,271,14,14,http://localhost:9494/VehicleRegistration/,2,0,0
1731425006364,2,HTTP Request-0,302,,Users 1-2,,true,,168,135,14,14,http://localhost:9494/VehicleRegistration,2,0,0
1731425006366,2,HTTP Request-1,200,,Users 1-2,text,true,,4053,136,14,14,http://localhost:9494/VehicleRegistration/,2,0,0
1731425005892,478,HTTP Request,200,,Users 1-35,text,true,,4221,271,12,12,http://localhost:9494/VehicleRegistration/,15,0,6
1731425005788,582,HTTP Request,200,,Users 1-18,text,true,,4221,271,12,12,http://localhost:9494/VehicleRegistration/,118,0,64
1731425005892,28,HTTP Request-0,302,,Users 1-35,,true,,168,135,12,12,http://localhost:9494/VehicleRegistration,15,0,6
1731425005788,132,HTTP Request-0,302,,Users 1-18,,true,,168,135,12,12,http://localhost:9494/VehicleRegistration,118,0,64
1731425005929,441,HTTP Request-1,200,,Users 1-35,text,true,,4053,136,12,12,http://localhost:9494/VehicleRegistration/,441,0,0
1731425005926,444,HTTP Request-1,200,,Users 1-18,text,true,,4053,136,12,12,http://localhost:9494/VehicleRegistration/,444,0,0
1731425005773,597,HTTP Request,200,,Users 1-7,text,true,,4221,271,12,12,http://localhost:9494/VehicleRegistration/,132,0,85
1731425005773,147,HTTP Request-0,302,,Users 1-7,,true,,168,135,12,12,http://localhost:9494/VehicleRegistration,132,0,85
1731425005925,445,HTTP Request-1,200,,Users 1-7,text,true,,4053,136,12,12,http://localhost:9494/VehicleRegistration/,445,0,0
1731425006370,7,HTTP Request,200,,Users 1-35,text,true,,4221,271,12,12,http://localhost:9494/VehicleRegistration/,5,0,0
1731425006370,5,HTTP Request-0,302,,Users 1-35,,true,,168,135,12,12,http://localhost:9494/VehicleRegistration,5,0,0
1731425006375,2,HTTP Request-1,200,,Users 1-35,text,true,,4053,136,12,12,http://localhost:9494/VehicleRegistration/,2,0,0
1731425006371,8,HTTP Request,200,,Users 1-7,text,true,,4221,271,11,11,http://localhost:9494/VehicleRegistration/,2,0,0
1731425006371,2,HTTP Request-0,302,,Users 1-7,,true,,168,135,11,11,http://localhost:9494/VehicleRegistration,2,0,0
1731425006374,5,HTTP Request-1,200,,Users 1-7,text,true,,4053,136,11,11,http://localhost:9494/VehicleRegistration/,5,0,0
1731425005916,465,HTTP Request,200,,Users 1-37,text,true,,4221,271,10,10,http://localhost:9494/VehicleRegistration/,464,0,4
1731425005916,464,HTTP Request-0,302,,Users 1-37,,true,,168,135,10,10,http://localhost:9494/VehicleRegistration,464,0,4
1731425006380,1,HTTP Request-1,200,,Users 1-37,text,true,,4053,136,10,10,http://localhost:9494/VehicleRegistration/,1,0,0
1731425005940,442,HTTP Request,200,,Users 1-34,text,true,,4221,271,10,10,http://localhost:9494/VehicleRegistration/,3,0,0
1731425005940,3,HTTP Request-0,302,,Users 1-34,,true,,168,135,10,10,http://localhost:9494/VehicleRegistration,3,0,0
1731425005944,438,HTTP Request-1,200,,Users 1-34,text,true,,4053,136,10,10,http://localhost:9494/VehicleRegistration/,438,0,0
1731425006382,9,HTTP Request,200,,Users 1-37,text,true,,4221,271,9,9,http://localhost:9494/VehicleRegistration/,3,0,0
1731425006382,3,HTTP Request-0,302,,Users 1-37,,true,,168,135,9,9,http://localhost:9494/VehicleRegistration,3,0,0
1731425006385,6,HTTP Request-1,200,,Users 1-37,text,true,,4053,136,9,9,http://localhost:9494/VehicleRegistration/,6,0,0
1731425006167,225,HTTP Request,200,,Users 1-63,text,true,,4221,271,8,8,http://localhost:9494/VehicleRegistration/,81,0,1
1731425006167,81,HTTP Request-0,302,,Users 1-63,,true,,168,135,8,8,http://localhost:9494/VehicleRegistration,81,0,1
1731425006248,144,HTTP Request-1,200,,Users 1-63,text,true,,4053,136,8,8,http://localhost:9494/VehicleRegistration/,144,0,0
1731425006370,25,HTTP Request,200,,Users 1-18,text,true,,4221,271,8,8,http://localhost:9494/VehicleRegistration/,2,0,0
1731425006370,2,HTTP Request-0,302,,Users 1-18,,true,,168,135,8,8,http://localhost:9494/VehicleRegistration,2,0,0
1731425006372,23,HTTP Request-1,200,,Users 1-18,text,true,,4053,136,8,8,http://localhost:9494/VehicleRegistration/,23,0,0
1731425006393,4,HTTP Request,200,,Users 1-63,text,true,,4221,271,7,7,http://localhost:9494/VehicleRegistration/,1,0,0
1731425006393,1,HTTP Request-0,302,,Users 1-63,,true,,168,135,7,7,http://localhost:9494/VehicleRegistration,1,0,0
1731425006394,3,HTTP Request-1,200,,Users 1-63,text,true,,4053,136,7,7,http://localhost:9494/VehicleRegistration/,3,0,0
1731425005821,578,HTTP Request,200,,Users 1-33,text,true,,4221,271,6,6,http://localhost:9494/VehicleRegistration/,576,0,61
1731425005821,576,HTTP Request-0,302,,Users 1-33,,true,,168,135,6,6,http://localhost:9494/VehicleRegistration,576,0,61
1731425006397,2,HTTP Request-1,200,,Users 1-33,text,true,,4053,136,6,6,http://localhost:9494/VehicleRegistration/,2,0,0
1731425005783,616,HTTP Request,200,,Users 1-13,text,true,,4221,271,6,6,http://localhost:9494/VehicleRegistration/,584,0,66
1731425005783,584,HTTP Request-0,302,,Users 1-13,,true,,168,135,6,6,http://localhost:9494/VehicleRegistration,584,0,66
1731425006367,32,HTTP Request-1,200,,Users 1-13,text,true,,4053,136,6,6,http://localhost:9494/VehicleRegistration/,32,0,0
1731425006399,3,HTTP Request,200,,Users 1-33,text,true,,4221,271,6,6,http://localhost:9494/VehicleRegistration/,2,0,0
1731425006399,2,HTTP Request-0,302,,Users 1-33,,true,,168,135,6,6,http://localhost:9494/VehicleRegistration,2,0,0
1731425006401,1,HTTP Request-1,200,,Users 1-33,text,true,,4053,136,6,6,http://localhost:9494/VehicleRegistration/,1,0,0
1731425006400,5,HTTP Request,200,,Users 1-13,text,true,,4221,271,5,5,http://localhost:9494/VehicleRegistration/,1,0,0
1731425006400,1,HTTP Request-0,302,,Users 1-13,,true,,168,135,5,5,http://localhost:9494/VehicleRegistration,1,0,0
1731425006401,4,HTTP Request-1,200,,Users 1-13,text,true,,4053,136,5,5,http://localhost:9494/VehicleRegistration/,4,0,0
1731425006413,4,HTTP Request,200,,Users 1-69,text,true,,4221,271,7,7,http://localhost:9494/VehicleRegistration/,3,0,2
1731425006413,3,HTTP Request-0,302,,Users 1-69,,true,,168,135,7,7,http://localhost:9494/VehicleRegistration,3,0,2
1731425006416,1,HTTP Request-1,200,,Users 1-69,text,true,,4053,136,7,7,http://localhost:9494/VehicleRegistration/,1,0,0
1731425006418,2,HTTP Request,200,,Users 1-69,text,true,,4221,271,7,7,http://localhost:9494/VehicleRegistration/,1,0,0
1731425006418,1,HTTP Request-0,302,,Users 1-69,,true,,168,135,7,7,http://localhost:9494/VehicleRegistration,1,0,0
1731425006419,1,HTTP Request-1,200,,Users 1-69,text,true,,4053,136,7,7,http://localhost:9494/VehicleRegistration/,1,0,0
1731425006418,3,HTTP Request,200,,Users 1-71,text,true,,4221,271,6,6,http://localhost:9494/VehicleRegistration/,2,0,1
1731425006418,2,HTTP Request-0,302,,Users 1-71,,true,,168,135,6,6,http://localhost:9494/VehicleRegistration,2,0,1
1731425006420,1,HTTP Request-1,200,,Users 1-71,text,true,,4053,136,6,6,http://localhost:9494/VehicleRegistration/,1,0,0
1731425006418,5,HTTP Request,200,,Users 1-70,text,true,,4221,271,7,7,http://localhost:9494/VehicleRegistration/,3,0,1
1731425006418,3,HTTP Request-0,302,,Users 1-70,,true,,168,135,7,7,http://localhost:9494/VehicleRegistration,3,0,1
1731425006422,1,HTTP Request-1,200,,Users 1-70,text,true,,4053,136,7,7,http://localhost:9494/VehicleRegistration/,1,0,0
1731425006422,2,HTTP Request,200,,Users 1-71,text,true,,4221,271,7,7,http://localhost:9494/VehicleRegistration/,1,0,0
1731425006422,1,HTTP Request-0,302,,Users 1-71,,true,,168,135,7,7,http://localhost:9494/VehicleRegistration,1,0,0
1731425006423,1,HTTP Request-1,200,,Users 1-71,text,true,,4053,136,7,7,http://localhost:9494/VehicleRegistration/,1,0,0
1731425006423,4,HTTP Request,200,,Users 1-72,text,true,,4221,271,7,7,http://localhost:9494/VehicleRegistration/,2,0,1
1731425006423,2,HTTP Request-0,302,,Users 1-72,,true,,168,135,7,7,http://localhost:9494/VehicleRegistration,2,0,1
1731425006425,2,HTTP Request-1,200,,Users 1-72,text,true,,4053,136,7,7,http://localhost:9494/VehicleRegistration/,2,0,0
1731425006426,2,HTTP Request,200,,Users 1-70,text,true,,4221,271,7,7,http://localhost:9494/VehicleRegistration/,1,0,0
1731425006426,1,HTTP Request-0,302,,Users 1-70,,true,,168,135,7,7,http://localhost:9494/VehicleRegistration,1,0,0
1731425006427,1,HTTP Request-1,200,,Users 1-70,text,true,,4053,136,7,7,http://localhost:9494/VehicleRegistration/,1,0,0
1731425006427,2,HTTP Request,200,,Users 1-72,text,true,,4221,271,7,7,http://localhost:9494/VehicleRegistration/,1,0,0
1731425006427,1,HTTP Request-0,302,,Users 1-72,,true,,168,135,7,7,http://localhost:9494/VehicleRegistration,1,0,0
1731425006428,1,HTTP Request-1,200,,Users 1-72,text,true,,4053,136,7,7,http://localhost:9494/VehicleRegistration/,1,0,0
1731425006428,3,HTTP Request,200,,Users 1-73,text,true,,4221,271,5,5,http://localhost:9494/VehicleRegistration/,2,0,1
1731425006428,2,HTTP Request-0,302,,Users 1-73,,true,,168,135,5,5,http://localhost:9494/VehicleRegistration,2,0,1
1731425006430,1,HTTP Request-1,200,,Users 1-73,text,true,,4053,136,5,5,http://localhost:9494/VehicleRegistration/,1,0,0
1731425006431,3,HTTP Request,200,,Users 1-73,text,true,,4221,271,6,6,http://localhost:9494/VehicleRegistration/,1,0,0
1731425006431,1,HTTP Request-0,302,,Users 1-73,,true,,168,135,6,6,http://localhost:9494/VehicleRegistration,1,0,0
1731425006433,1,HTTP Request-1,200,,Users 1-73,text,true,,4053,136,6,6,http://localhost:9494/VehicleRegistration/,1,0,0
1731425006433,5,HTTP Request,200,,Users 1-74,text,true,,4221,271,7,7,http://localhost:9494/VehicleRegistration/,3,0,2
1731425006433,3,HTTP Request-0,302,,Users 1-74,,true,,168,135,7,7,http://localhost:9494/VehicleRegistration,3,0,2
1731425006436,2,HTTP Request-1,200,,Users 1-74,text,true,,4053,136,7,7,http://localhost:9494/VehicleRegistration/,2,0,0
1731425006438,3,HTTP Request,200,,Users 1-74,text,true,,4221,271,7,7,http://localhost:9494/VehicleRegistration/,1,0,0
1731425006438,1,HTTP Request-0,302,,Users 1-74,,true,,168,135,7,7,http://localhost:9494/VehicleRegistration,1,0,0
1731425006440,1,HTTP Request-1,200,,Users 1-74,text,true,,4053,136,7,7,http://localhost:9494/VehicleRegistration/,1,0,0
1731425006436,7,HTTP Request,200,,Users 1-75,text,true,,4221,271,7,7,http://localhost:9494/VehicleRegistration/,4,0,1
1731425006436,4,HTTP Request-0,302,,Users 1-75,,true,,168,135,7,7,http://localhost:9494/VehicleRegistration,4,0,1
1731425006440,3,HTTP Request-1,200,,Users 1-75,text,true,,4053,136,7,7,http://localhost:9494/VehicleRegistration/,3,0,0
1731425006444,3,HTTP Request,200,,Users 1-75,text,true,,4221,271,7,7,http://localhost:9494/VehicleRegistration/,1,0,0
1731425006444,1,HTTP Request-0,302,,Users 1-75,,true,,168,135,7,7,http://localhost:9494/VehicleRegistration,1,0,0
1731425006445,2,HTTP Request-1,200,,Users 1-75,text,true,,4053,136,7,7,http://localhost:9494/VehicleRegistration/,2,0,0
1731425006443,7,HTTP Request,200,,Users 1-76,text,true,,4221,271,6,6,http://localhost:9494/VehicleRegistration/,2,0,1
1731425006443,2,HTTP Request-0,302,,Users 1-76,,true,,168,135,6,6,http://localhost:9494/VehicleRegistration,2,0,1
1731425006448,2,HTTP Request-1,200,,Users 1-76,text,true,,4053,136,6,6,http://localhost:9494/VehicleRegistration/,2,0,0
1731425006446,5,HTTP Request,200,,Users 1-77,text,true,,4221,271,7,7,http://localhost:9494/VehicleRegistration/,4,0,2
1731425006446,4,HTTP Request-0,302,,Users 1-77,,true,,168,135,7,7,http://localhost:9494/VehicleRegistration,4,0,2
1731425006450,1,HTTP Request-1,200,,Users 1-77,text,true,,4053,136,7,7,http://localhost:9494/VehicleRegistration/,1,0,0
1731425006450,2,HTTP Request,200,,Users 1-76,text,true,,4221,271,7,7,http://localhost:9494/VehicleRegistration/,1,0,0
1731425006450,1,HTTP Request-0,302,,Users 1-76,,true,,168,135,7,7,http://localhost:9494/VehicleRegistration,1,0,0
1731425006451,1,HTTP Request-1,200,,Users 1-76,text,true,,4053,136,7,7,http://localhost:9494/VehicleRegistration/,1,0,0
1731425006451,3,HTTP Request,200,,Users 1-77,text,true,,4221,271,6,6,http://localhost:9494/VehicleRegistration/,1,0,0
1731425006451,1,HTTP Request-0,302,,Users 1-77,,true,,168,135,6,6,http://localhost:9494/VehicleRegistration,1,0,0
1731425006452,2,HTTP Request-1,200,,Users 1-77,text,true,,4053,136,6,6,http://localhost:9494/VehicleRegistration/,2,0,0
1731425006452,5,HTTP Request,200,,Users 1-78,text,true,,4221,271,7,7,http://localhost:9494/VehicleRegistration/,4,0,2
1731425006452,4,HTTP Request-0,302,,Users 1-78,,true,,168,135,7,7,http://localhost:9494/VehicleRegistration,4,0,2
1731425006456,1,HTTP Request-1,200,,Users 1-78,text,true,,4053,136,7,7,http://localhost:9494/VehicleRegistration/,1,0,0
1731425006458,2,HTTP Request,200,,Users 1-78,text,true,,4221,271,7,7,http://localhost:9494/VehicleRegistration/,0,0,0
1731425006458,0,HTTP Request-0,302,,Users 1-78,,true,,168,135,7,7,http://localhost:9494/VehicleRegistration,0,0,0
1731425006459,1,HTTP Request-1,200,,Users 1-78,text,true,,4053,136,7,7,http://localhost:9494/VehicleRegistration/,1,0,0
1731425006457,4,HTTP Request,200,,Users 1-80,text,true,,4221,271,7,7,http://localhost:9494/VehicleRegistration/,3,0,2
1731425006457,3,HTTP Request-0,302,,Users 1-80,,true,,168,135,7,7,http://localhost:9494/VehicleRegistration,3,0,2
1731425006460,1,HTTP Request-1,200,,Users 1-80,text,true,,4053,136,7,7,http://localhost:9494/VehicleRegistration/,1,0,0
1731425006456,6,HTTP Request,200,,Users 1-79,text,true,,4221,271,7,7,http://localhost:9494/VehicleRegistration/,2,0,1
1731425006456,2,HTTP Request-0,302,,Users 1-79,,true,,168,135,7,7,http://localhost:9494/VehicleRegistration,2,0,1
1731425006459,3,HTTP Request-1,200,,Users 1-79,text,true,,4053,136,7,7,http://localhost:9494/VehicleRegistration/,3,0,0
1731425006462,2,HTTP Request,200,,Users 1-80,text,true,,4221,271,7,7,http://localhost:9494/VehicleRegistration/,1,0,0
1731425006462,1,HTTP Request-0,302,,Users 1-80,,true,,168,135,7,7,http://localhost:9494/VehicleRegistration,1,0,0
1731425006463,1,HTTP Request-1,200,,Users 1-80,text,true,,4053,136,7,7,http://localhost:9494/VehicleRegistration/,1,0,0
1731425006462,5,HTTP Request,200,,Users 1-79,text,true,,4221,271,7,7,http://localhost:9494/VehicleRegistration/,3,0,0
1731425006462,3,HTTP Request-0,302,,Users 1-79,,true,,168,135,7,7,http://localhost:9494/VehicleRegistration,3,0,0
1731425006466,1,HTTP Request-1,200,,Users 1-79,text,true,,4053,136,7,7,http://localhost:9494/VehicleRegistration/,1,0,0
1731425006463,6,HTTP Request,200,,Users 1-81,text,true,,4221,271,7,7,http://localhost:9494/VehicleRegistration/,3,0,2
1731425006463,3,HTTP Request-0,302,,Users 1-81,,true,,168,135,7,7,http://localhost:9494/VehicleRegistration,3,0,2
1731425006466,3,HTTP Request-1,200,,Users 1-81,text,true,,4053,136,7,7,http://localhost:9494/VehicleRegistration/,2,0,0
1731425006469,4,HTTP Request,200,,Users 1-82,text,true,,4221,271,7,7,http://localhost:9494/VehicleRegistration/,3,0,1
1731425006470,3,HTTP Request,200,,Users 1-81,text,true,,4221,271,7,7,http://localhost:9494/VehicleRegistration/,2,0,0
1731425006469,3,HTTP Request-0,302,,Users 1-82,,true,,168,135,7,7,http://localhost:9494/VehicleRegistration,3,0,1
1731425006470,2,HTTP Request-0,302,,Users 1-81,,true,,168,135,7,7,http://localhost:9494/VehicleRegistration,2,0,0
1731425006472,1,HTTP Request-1,200,,Users 1-82,text,true,,4053,136,7,7,http://localhost:9494/VehicleRegistration/,1,0,0
1731425006472,1,HTTP Request-1,200,,Users 1-81,text,true,,4053,136,7,7,http://localhost:9494/VehicleRegistration/,1,0,0
1731425006474,3,HTTP Request,200,,Users 1-82,text,true,,4221,271,7,7,http://localhost:9494/VehicleRegistration/,1,0,0
1731425006474,1,HTTP Request-0,302,,Users 1-82,,true,,168,135,7,7,http://localhost:9494/VehicleRegistration,1,0,0
1731425006475,2,HTTP Request-1,200,,Users 1-82,text,true,,4053,136,7,7,http://localhost:9494/VehicleRegistration/,2,0,0
1731425006470,10,HTTP Request,200,,Users 1-83,text,true,,4221,271,6,6,http://localhost:9494/VehicleRegistration/,6,0,3
1731425006470,6,HTTP Request-0,302,,Users 1-83,,true,,168,135,6,6,http://localhost:9494/VehicleRegistration,6,0,3
1731425006476,4,HTTP Request-1,200,,Users 1-83,text,true,,4053,136,6,6,http://localhost:9494/VehicleRegistration/,4,0,0
1731425006480,3,HTTP Request,200,,Users 1-83,text,true,,4221,271,6,6,http://localhost:9494/VehicleRegistration/,1,0,0
1731425006480,1,HTTP Request-0,302,,Users 1-83,,true,,168,135,6,6,http://localhost:9494/VehicleRegistration,1,0,0
1731425006481,2,HTTP Request-1,200,,Users 1-83,text,true,,4053,136,6,6,http://localhost:9494/VehicleRegistration/,2,0,0
1731425006478,8,HTTP Request,200,,Users 1-84,text,true,,4221,271,5,5,http://localhost:9494/VehicleRegistration/,4,0,2
1731425006478,4,HTTP Request-0,302,,Users 1-84,,true,,168,135,5,5,http://localhost:9494/VehicleRegistration,4,0,2
1731425006482,4,HTTP Request-1,200,,Users 1-84,text,true,,4053,136,5,5,http://localhost:9494/VehicleRegistration/,4,0,0
1731425006486,4,HTTP Request,200,,Users 1-84,text,true,,4221,271,6,6,http://localhost:9494/VehicleRegistration/,1,0,0
1731425006488,4,HTTP Request,200,,Users 1-85,text,true,,4221,271,6,6,http://localhost:9494/VehicleRegistration/,3,0,2
1731425006488,3,HTTP Request-0,302,,Users 1-85,,true,,168,135,6,6,http://localhost:9494/VehicleRegistration,3,0,2
1731425006491,1,HTTP Request-1,200,,Users 1-85,text,true,,4053,136,6,6,http://localhost:9494/VehicleRegistration/,1,0,0
1731425006493,3,HTTP Request,200,,Users 1-85,text,true,,4221,271,7,7,http://localhost:9494/VehicleRegistration/,1,0,0
1731425006493,1,HTTP Request-0,302,,Users 1-85,,true,,168,135,7,7,http://localhost:9494/VehicleRegistration,1,0,0
1731425006495,1,HTTP Request-1,200,,Users 1-85,text,true,,4053,136,7,7,http://localhost:9494/VehicleRegistration/,1,0,0
1731425006486,1,HTTP Request-0,302,,Users 1-84,,true,,168,135,6,6,http://localhost:9494/VehicleRegistration,1,0,0
1731425006488,2,HTTP Request-1,200,,Users 1-84,text,true,,4053,136,6,6,http://localhost:9494/VehicleRegistration/,2,0,0
1731425006498,4,HTTP Request,200,,Users 1-86,text,true,,4221,271,7,7,http://localhost:9494/VehicleRegistration/,3,0,2
1731425006498,3,HTTP Request-0,302,,Users 1-86,,true,,168,135,7,7,http://localhost:9494/VehicleRegistration,3,0,2
1731425006501,1,HTTP Request-1,200,,Users 1-86,text,true,,4053,136,7,7,http://localhost:9494/VehicleRegistration/,1,0,0
1731425006503,2,HTTP Request,200,,Users 1-86,text,true,,4221,271,7,7,http://localhost:9494/VehicleRegistration/,1,0,0
1731425006503,1,HTTP Request-0,302,,Users 1-86,,true,,168,135,7,7,http://localhost:9494/VehicleRegistration,1,0,0
1731425006504,1,HTTP Request-1,200,,Users 1-86,text,true,,4053,136,7,7,http://localhost:9494/VehicleRegistration/,1,0,0
1731425006500,8,HTTP Request,200,,Users 1-88,text,true,,4221,271,6,6,http://localhost:9494/VehicleRegistration/,6,0,5
1731425006500,6,HTTP Request-0,302,,Users 1-88,,true,,168,135,6,6,http://localhost:9494/VehicleRegistration,6,0,5
1731425006506,2,HTTP Request-1,200,,Users 1-88,text,true,,4053,136,6,6,http://localhost:9494/VehicleRegistration/,2,0,0
1731425006509,2,HTTP Request,200,,Users 1-88,text,true,,4221,271,6,6,http://localhost:9494/VehicleRegistration/,1,0,0
1731425006509,1,HTTP Request-0,302,,Users 1-88,,true,,168,135,6,6,http://localhost:9494/VehicleRegistration,1,0,0
1731425006510,1,HTTP Request-1,200,,Users 1-88,text,true,,4053,136,6,6,http://localhost:9494/VehicleRegistration/,1,0,0
1731425006508,6,HTTP Request,200,,Users 1-87,text,true,,4221,271,6,6,http://localhost:9494/VehicleRegistration/,5,0,3
1731425006508,5,HTTP Request-0,302,,Users 1-87,,true,,168,135,6,6,http://localhost:9494/VehicleRegistration,5,0,3
1731425006513,1,HTTP Request-1,200,,Users 1-87,text,true,,4053,136,6,6,http://localhost:9494/VehicleRegistration/,1,0,0
1731425006515,3,HTTP Request,200,,Users 1-87,text,true,,4221,271,6,6,http://localhost:9494/VehicleRegistration/,1,0,0
1731425006515,1,HTTP Request-0,302,,Users 1-87,,true,,168,135,6,6,http://localhost:9494/VehicleRegistration,1,0,0
1731425006516,2,HTTP Request-1,200,,Users 1-87,text,true,,4053,136,6,6,http://localhost:9494/VehicleRegistration/,2,0,0
1731425006515,10,HTTP Request,200,,Users 1-89,text,true,,4221,271,7,7,http://localhost:9494/VehicleRegistration/,7,0,6
1731425006515,7,HTTP Request-0,302,,Users 1-89,,true,,168,135,7,7,http://localhost:9494/VehicleRegistration,7,0,6
1731425006522,3,HTTP Request-1,200,,Users 1-89,text,true,,4053,136,7,7,http://localhost:9494/VehicleRegistration/,3,0,0
1731425006523,5,HTTP Request,200,,Users 1-90,text,true,,4221,271,8,8,http://localhost:9494/VehicleRegistration/,3,0,1
1731425006523,3,HTTP Request-0,302,,Users 1-90,,true,,168,135,8,8,http://localhost:9494/VehicleRegistration,3,0,1
1731425006526,2,HTTP Request-1,200,,Users 1-90,text,true,,4053,136,8,8,http://localhost:9494/VehicleRegistration/,2,0,0
1731425006528,3,HTTP Request,200,,Users 1-90,text,true,,4221,271,8,8,http://localhost:9494/VehicleRegistration/,1,0,0
1731425006528,1,HTTP Request-0,302,,Users 1-90,,true,,168,135,8,8,http://localhost:9494/VehicleRegistration,1,0,0
1731425006530,1,HTTP Request-1,200,,Users 1-90,text,true,,4053,136,8,8,http://localhost:9494/VehicleRegistration/,1,0,0
1731425006526,9,HTTP Request,200,,Users 1-89,text,true,,4221,271,7,7,http://localhost:9494/VehicleRegistration/,1,0,0
1731425006526,1,HTTP Request-0,302,,Users 1-89,,true,,168,135,7,7,http://localhost:9494/VehicleRegistration,1,0,0
1731425006533,2,HTTP Request-1,200,,Users 1-89,text,true,,4053,136,7,7,http://localhost:9494/VehicleRegistration/,2,0,0
1731425006529,10,HTTP Request,200,,Users 1-91,text,true,,4221,271,6,6,http://localhost:9494/VehicleRegistration/,8,0,2
1731425006529,8,HTTP Request-0,302,,Users 1-91,,true,,168,135,6,6,http://localhost:9494/VehicleRegistration,8,0,2
1731425006538,1,HTTP Request-1,200,,Users 1-91,text,true,,4053,136,6,6,http://localhost:9494/VehicleRegistration/,1,0,0
1731425006540,3,HTTP Request,200,,Users 1-91,text,true,,4221,271,6,6,http://localhost:9494/VehicleRegistration/,1,0,0
1731425006540,1,HTTP Request-0,302,,Users 1-91,,true,,168,135,6,6,http://localhost:9494/VehicleRegistration,1,0,0
1731425006541,2,HTTP Request-1,200,,Users 1-91,text,true,,4053,136,6,6,http://localhost:9494/VehicleRegistration/,2,0,0
1731425006546,4,HTTP Request,200,,Users 1-93,text,true,,4221,271,6,6,http://localhost:9494/VehicleRegistration/,3,0,2
1731425006537,13,HTTP Request,200,,Users 1-92,text,true,,4221,271,6,6,http://localhost:9494/VehicleRegistration/,8,0,3
1731425006546,3,HTTP Request-0,302,,Users 1-93,,true,,168,135,6,6,http://localhost:9494/VehicleRegistration,3,0,2
1731425006537,8,HTTP Request-0,302,,Users 1-92,,true,,168,135,6,6,http://localhost:9494/VehicleRegistration,8,0,3
1731425006549,1,HTTP Request-1,200,,Users 1-93,text,true,,4053,136,6,6,http://localhost:9494/VehicleRegistration/,1,0,0
1731425006549,1,HTTP Request-1,200,,Users 1-92,text,true,,4053,136,6,6,http://localhost:9494/VehicleRegistration/,1,0,0
1731425006551,2,HTTP Request,200,,Users 1-93,text,true,,4221,271,6,6,http://localhost:9494/VehicleRegistration/,1,0,0
1731425006551,2,HTTP Request,200,,Users 1-92,text,true,,4221,271,6,6,http://localhost:9494/VehicleRegistration/,1,0,0
1731425006551,1,HTTP Request-0,302,,Users 1-93,,true,,168,135,6,6,http://localhost:9494/VehicleRegistration,1,0,0
1731425006551,1,HTTP Request-0,302,,Users 1-92,,true,,168,135,6,6,http://localhost:9494/VehicleRegistration,1,0,0
1731425006552,1,HTTP Request-1,200,,Users 1-93,text,true,,4053,136,6,6,http://localhost:9494/VehicleRegistration/,1,0,0
1731425006552,1,HTTP Request-1,200,,Users 1-92,text,true,,4053,136,6,6,http://localhost:9494/VehicleRegistration/,1,0,0
1731425006556,3,HTTP Request,200,,Users 1-95,text,true,,4221,271,6,6,http://localhost:9494/VehicleRegistration/,2,0,1
1731425006556,2,HTTP Request-0,302,,Users 1-95,,true,,168,135,6,6,http://localhost:9494/VehicleRegistration,2,0,1
1731425006558,1,HTTP Request-1,200,,Users 1-95,text,true,,4053,136,6,6,http://localhost:9494/VehicleRegistration/,1,0,0
1731425006557,6,HTTP Request,200,,Users 1-94,text,true,,4221,271,6,6,http://localhost:9494/VehicleRegistration/,4,0,3
1731425006557,4,HTTP Request-0,302,,Users 1-94,,true,,168,135,6,6,http://localhost:9494/VehicleRegistration,4,0,3
1731425006560,3,HTTP Request,200,,Users 1-95,text,true,,4221,271,6,6,http://localhost:9494/VehicleRegistration/,2,0,0
1731425006561,2,HTTP Request-1,200,,Users 1-94,text,true,,4053,136,6,6,http://localhost:9494/VehicleRegistration/,2,0,0
1731425006560,2,HTTP Request-0,302,,Users 1-95,,true,,168,135,6,6,http://localhost:9494/VehicleRegistration,2,0,0
1731425006562,1,HTTP Request-1,200,,Users 1-95,text,true,,4053,136,6,6,http://localhost:9494/VehicleRegistration/,1,0,0
1731425006563,3,HTTP Request,200,,Users 1-94,text,true,,4221,271,5,5,http://localhost:9494/VehicleRegistration/,2,0,0
1731425006563,2,HTTP Request-0,302,,Users 1-94,,true,,168,135,5,5,http://localhost:9494/VehicleRegistration,2,0,0
1731425006565,1,HTTP Request-1,200,,Users 1-94,text,true,,4053,136,5,5,http://localhost:9494/VehicleRegistration/,1,0,0
1731425006569,5,HTTP Request,200,,Users 1-97,text,true,,4221,271,6,6,http://localhost:9494/VehicleRegistration/,3,0,2
1731425006569,3,HTTP Request-0,302,,Users 1-97,,true,,168,135,6,6,http://localhost:9494/VehicleRegistration,3,0,2
1731425006573,1,HTTP Request-1,200,,Users 1-97,text,true,,4053,136,6,6,http://localhost:9494/VehicleRegistration/,1,0,0
1731425006574,3,HTTP Request,200,,Users 1-97,text,true,,4221,271,6,6,http://localhost:9494/VehicleRegistration/,1,0,0
1731425006574,1,HTTP Request-0,302,,Users 1-97,,true,,168,135,6,6,http://localhost:9494/VehicleRegistration,1,0,0
1731425006575,2,HTTP Request-1,200,,Users 1-97,text,true,,4053,136,6,6,http://localhost:9494/VehicleRegistration/,2,0,0
1731425006574,5,HTTP Request,200,,Users 1-96,text,true,,4221,271,6,6,http://localhost:9494/VehicleRegistration/,3,0,2
1731425006574,3,HTTP Request-0,302,,Users 1-96,,true,,168,135,6,6,http://localhost:9494/VehicleRegistration,3,0,2
1731425006577,2,HTTP Request-1,200,,Users 1-96,text,true,,4053,136,6,6,http://localhost:9494/VehicleRegistration/,2,0,0
1731425006579,3,HTTP Request,200,,Users 1-96,text,true,,4221,271,6,6,http://localhost:9494/VehicleRegistration/,1,0,0
1731425006579,1,HTTP Request-0,302,,Users 1-96,,true,,168,135,6,6,http://localhost:9494/VehicleRegistration,1,0,0
1731425006580,2,HTTP Request-1,200,,Users 1-96,text,true,,4053,136,6,6,http://localhost:9494/VehicleRegistration/,1,0,0
1731425006579,3,HTTP Request,200,,Users 1-98,text,true,,4221,271,6,6,http://localhost:9494/VehicleRegistration/,2,0,1
1731425006579,2,HTTP Request-0,302,,Users 1-98,,true,,168,135,6,6,http://localhost:9494/VehicleRegistration,2,0,1
1731425006581,1,HTTP Request-1,200,,Users 1-98,text,true,,4053,136,6,6,http://localhost:9494/VehicleRegistration/,1,0,0
1731425006583,4,HTTP Request,200,,Users 1-98,text,true,,4221,271,6,6,http://localhost:9494/VehicleRegistration/,1,0,0
1731425006583,1,HTTP Request-0,302,,Users 1-98,,true,,168,135,6,6,http://localhost:9494/VehicleRegistration,1,0,0
1731425006585,2,HTTP Request-1,200,,Users 1-98,text,true,,4053,136,6,6,http://localhost:9494/VehicleRegistration/,2,0,0
1731425006586,6,HTTP Request,200,,Users 1-100,text,true,,4221,271,6,6,http://localhost:9494/VehicleRegistration/,4,0,2
1731425006586,4,HTTP Request-0,302,,Users 1-100,,true,,168,135,6,6,http://localhost:9494/VehicleRegistration,4,0,2
1731425006590,2,HTTP Request-1,200,,Users 1-100,text,true,,4053,136,6,6,http://localhost:9494/VehicleRegistration/,2,0,0
1731425006590,3,HTTP Request,200,,Users 1-99,text,true,,4221,271,6,6,http://localhost:9494/VehicleRegistration/,2,0,1
1731425006590,2,HTTP Request-0,302,,Users 1-99,,true,,168,135,6,6,http://localhost:9494/VehicleRegistration,2,0,1
1731425006592,1,HTTP Request-1,200,,Users 1-99,text,true,,4053,136,6,6,http://localhost:9494/VehicleRegistration/,1,0,0
1731425006594,2,HTTP Request,200,,Users 1-99,text,true,,4221,271,6,6,http://localhost:9494/VehicleRegistration/,1,0,0
1731425006594,1,HTTP Request-0,302,,Users 1-99,,true,,168,135,6,6,http://localhost:9494/VehicleRegistration,1,0,0
1731425006595,1,HTTP Request-1,200,,Users 1-99,text,true,,4053,136,6,6,http://localhost:9494/VehicleRegistration/,1,0,0
1731425006592,6,HTTP Request,200,,Users 1-100,text,true,,4221,271,5,5,http://localhost:9494/VehicleRegistration/,3,0,0
1731425006592,3,HTTP Request-0,302,,Users 1-100,,true,,168,135,5,5,http://localhost:9494/VehicleRegistration,3,0,0
1731425006595,3,HTTP Request-1,200,,Users 1-100,text,true,,4053,136,5,5,http://localhost:9494/VehicleRegistration/,3,0,0
1731425006151,451,HTTP Request,200,,Users 1-56,text,true,,4221,271,4,4,http://localhost:9494/VehicleRegistration/,85,0,4
1731425006151,85,HTTP Request-0,302,,Users 1-56,,true,,168,135,4,4,http://localhost:9494/VehicleRegistration,85,0,4
1731425006236,366,HTTP Request-1,200,,Users 1-56,text,true,,4053,136,4,4,http://localhost:9494/VehicleRegistration/,366,0,0
1731425006603,4,HTTP Request,200,,Users 1-56,text,true,,4221,271,4,4,http://localhost:9494/VehicleRegistration/,2,0,0
1731425006603,2,HTTP Request-0,302,,Users 1-56,,true,,168,135,4,4,http://localhost:9494/VehicleRegistration,2,0,0
1731425006605,2,HTTP Request-1,200,,Users 1-56,text,true,,4053,136,4,4,http://localhost:9494/VehicleRegistration/,2,0,0
1731425006172,443,HTTP Request,200,,Users 1-66,text,true,,4221,271,3,3,http://localhost:9494/VehicleRegistration/,442,0,1
1731425006172,442,HTTP Request-0,302,,Users 1-66,,true,,168,135,3,3,http://localhost:9494/VehicleRegistration,442,0,1
1731425006614,1,HTTP Request-1,200,,Users 1-66,text,true,,4053,136,3,3,http://localhost:9494/VehicleRegistration/,1,0,0
1731425005784,834,HTTP Request,200,,Users 1-24,text,true,,4221,271,3,3,http://localhost:9494/VehicleRegistration/,454,0,87
1731425005784,454,HTTP Request-0,302,,Users 1-24,,true,,168,135,3,3,http://localhost:9494/VehicleRegistration,454,0,87
1731425006238,380,HTTP Request-1,200,,Users 1-24,text,true,,4053,136,3,3,http://localhost:9494/VehicleRegistration/,380,0,0
1731425006616,3,HTTP Request,200,,Users 1-66,text,true,,4221,271,3,3,http://localhost:9494/VehicleRegistration/,1,0,0
1731425006616,1,HTTP Request-0,302,,Users 1-66,,true,,168,135,3,3,http://localhost:9494/VehicleRegistration,1,0,0
1731425006617,2,HTTP Request-1,200,,Users 1-66,text,true,,4053,136,3,3,http://localhost:9494/VehicleRegistration/,2,0,0
1731425006618,5,HTTP Request,200,,Users 1-24,text,true,,4221,271,2,2,http://localhost:9494/VehicleRegistration/,3,0,0
1731425006618,3,HTTP Request-0,302,,Users 1-24,,true,,168,135,2,2,http://localhost:9494/VehicleRegistration,3,0,0
1731425006622,1,HTTP Request-1,200,,Users 1-24,text,true,,4053,136,2,2,http://localhost:9494/VehicleRegistration/,1,0,0
1731425006170,455,HTTP Request,200,,Users 1-64,text,true,,4221,271,1,1,http://localhost:9494/VehicleRegistration/,78,0,1
1731425006170,78,HTTP Request-0,302,,Users 1-64,,true,,168,135,1,1,http://localhost:9494/VehicleRegistration,78,0,1
1731425006248,377,HTTP Request-1,200,,Users 1-64,text,true,,4053,136,1,1,http://localhost:9494/VehicleRegistration/,377,0,0
1731425006625,4,HTTP Request,200,,Users 1-64,text,true,,4221,271,1,1,http://localhost:9494/VehicleRegistration/,2,0,0
1731425006625,2,HTTP Request-0,302,,Users 1-64,,true,,168,135,1,1,http://localhost:9494/VehicleRegistration,2,0,0
1731425006627,2,HTTP Request-1,200,,Users 1-64,text,true,,4053,136,1,1,http://localhost:9494/VehicleRegistration/,2,0,0
